{
    "pipe_Do": 0.32385,
    "pipe_WT": 0.02697,
    "pipe_ρ": 7850.0,
    "pipe_coat": [[0.0032, 900.0], [0.050, 2240.0]],
    "pipe_E": 207e9,
    "pipe_ν": 0.3,
    "pipe_α": 1.17e-5,
    "cont_ρ": [0.0, 1088.0],
    "seawater_ρ": 1025.0,
    "g": 9.81,
    "profiles": {
        "KP": [0.0, 3.2, 8.2, 9.499, 13.2, 18.2, 23.2, 28.2, 31.612],
        "WD": [-1290.0, -1267.0, -1230.0, -1221.0, -1216.0, -1209.0, -1201.0, -1194.0, -1190.0],
        "P_i": [525.9, 523.6, 519.9, 519.0, 518.4, 517.7, 517.0, 516.3, 515.8],
        "T_op": [22.8, 22.1, 21.0, 20.8, 20.0, 19.0, 18.1, 17.2, 16.7]
    },
    "_vnmeta": {
        "name": "WI-12",
        "desc": "12 inch water injection pipeline",
        "refs": [
            "Nuno Salsa Ferreira, 2016 thesis, p.93"
        ],
        "vectorize": ["cont_ρ"]
    }
}